to,person,confidence,subject,draft,company,website,mailto
maaz.sheikh@ageospatial.com,Maaz Sheikh,high,Bewerbung — Data Engineer (Ivan Petrov),outreach/001_ageospatial.com_Maaz.txt,Ageospatial,https://ageospatial.com,mailto:maaz.sheikh%40ageospatial.com?subject=Bewerbung%20%E2%80%94%20Data%20Engineer%20%28Ivan%20Petrov%29
support@ageospatial.com,,high,Bewerbung — Data Engineer (Ivan Petrov),outreach/002_ageospatial.com.txt,Ageospatial,https://ageospatial.com,mailto:support%40ageospatial.com?subject=Bewerbung%20%E2%80%94%20Data%20Engineer%20%28Ivan%20Petrov%29
contact@ageospatial.com,,high,Bewerbung — Data Engineer (Ivan Petrov),outreach/003_ageospatial.com.txt,Ageospatial,https://ageospatial.com,mailto:contact%40ageospatial.com?subject=Bewerbung%20%E2%80%94%20Data%20Engineer%20%28Ivan%20Petrov%29
support@antimattr.one,,high,Bewerbung — Data Engineer (Ivan Petrov),outreach/004_antimattr.one.txt,antimattr,https://www.antimattr.one,mailto:support%40antimattr.one?subject=Bewerbung%20%E2%80%94%20Data%20Engineer%20%28Ivan%20Petrov%29
team@antimattr.one,,high,Bewerbung — Data Engineer (Ivan Petrov),outreach/005_antimattr.one.txt,antimattr,https://www.antimattr.one,mailto:team%40antimattr.one?subject=Bewerbung%20%E2%80%94%20Data%20Engineer%20%28Ivan%20Petrov%29
future@antimattr.one,,high,Bewerbung — Data Engineer (Ivan Petrov),outreach/006_antimattr.one.txt,antimattr,https://www.antimattr.one,mailto:future%40antimattr.one?subject=Bewerbung%20%E2%80%94%20Data%20Engineer%20%28Ivan%20Petrov%29
contact@asim-group.com,,high,Bewerbung — Data Engineer (Ivan Petrov),outreach/007_asim-group.com.txt,Asim,https://www.asim-group.com,mailto:contact%40asim-group.com?subject=Bewerbung%20%E2%80%94%20Data%20Engineer%20%28Ivan%20Petrov%29
contact@cyclon.ai,,high,Bewerbung — Data Engineer (Ivan Petrov),outreach/008_cyclon.ai.txt,Cyclon,https://cyclon.ai,mailto:contact%40cyclon.ai?subject=Bewerbung%20%E2%80%94%20Data%20Engineer%20%28Ivan%20Petrov%29
founders@graypass.org,,high,Bewerbung — Data Engineer (Ivan Petrov),outreach/009_graypass.org.txt,GrayPass,https://www.graypass.org,mailto:founders%40graypass.org?subject=Bewerbung%20%E2%80%94%20Data%20Engineer%20%28Ivan%20Petrov%29
support@gethesperai.com,,high,Bewerbung — Data Engineer (Ivan Petrov),outreach/010_gethesperai.com.txt,Hesper AI,https://gethesperai.com,mailto:support%40gethesperai.com?subject=Bewerbung%20%E2%80%94%20Data%20Engineer%20%28Ivan%20Petrov%29
hello@gethesperai.com,,high,Bewerbung — Data Engineer (Ivan Petrov),outreach/011_gethesperai.com.txt,Hesper AI,https://gethesperai.com,mailto:hello%40gethesperai.com?subject=Bewerbung%20%E2%80%94%20Data%20Engineer%20%28Ivan%20Petrov%29
contact@maritime.sh,,high,Bewerbung — Data Engineer (Ivan Petrov),outreach/012_maritime.sh.txt,Maritime,https://maritime.sh,mailto:contact%40maritime.sh?subject=Bewerbung%20%E2%80%94%20Data%20Engineer%20%28Ivan%20Petrov%29
info@memorable.sh,,high,Bewerbung — Data Engineer (Ivan Petrov),outreach/013_memorable.sh.txt,Memorable,https://www.memorable.sh,mailto:info%40memorable.sh?subject=Bewerbung%20%E2%80%94%20Data%20Engineer%20%28Ivan%20Petrov%29
security@openhack.com,,high,Bewerbung — Data Engineer (Ivan Petrov),outreach/014_openhack.com.txt,OpenHack,https://openhack.com,mailto:security%40openhack.com?subject=Bewerbung%20%E2%80%94%20Data%20Engineer%20%28Ivan%20Petrov%29
ananay@openhack.com,,high,Bewerbung — Data Engineer (Ivan Petrov),outreach/015_openhack.com.txt,OpenHack,https://openhack.com,mailto:ananay%40openhack.com?subject=Bewerbung%20%E2%80%94%20Data%20Engineer%20%28Ivan%20Petrov%29
support@perit.ai,,high,Bewerbung — Data Engineer (Ivan Petrov),outreach/016_perit.ai.txt,Perit.AI,https://www.perit.ai,mailto:support%40perit.ai?subject=Bewerbung%20%E2%80%94%20Data%20Engineer%20%28Ivan%20Petrov%29
alfonso@sintropix.com,,high,Bewerbung — Data Engineer (Ivan Petrov),outreach/017_sintropix.com.txt,Sintropix,https://sintropix.com,mailto:alfonso%40sintropix.com?subject=Bewerbung%20%E2%80%94%20Data%20Engineer%20%28Ivan%20Petrov%29
