name,website,domain,city,country,tags,industries,batch,team_size,oneliners,source
DeepMark,https://www.deepmark.me,www.deepmark.me,San Francisco,,"Deep Learning,B2B,Cybersecurity","B2B,Security",F26,5,A live watermark inside AI voice that survives phone calls,ycombinator
Maritime,https://maritime.sh,maritime.sh,San Francisco,,"Developer Tools,Cloud Computing,Infrastructure","B2B,Infrastructure",F26,3,The managed cloud for AI agents.,ycombinator
Sintropix,https://sintropix.com,sintropix.com,"Santiago, Santiago Metropolitan Region, Chile",,"Artificial Intelligence,Fintech,B2B","B2B,Finance and Accounting",F26,2,Autonomous accounting platform for global companies,ycombinator
OpenHack,https://openhack.com,openhack.com,San Francisco,,"Artificial Intelligence,DevSecOps,Cybersecurity","B2B,Security",F26,1,Always-on AI security engineer,ycombinator
Lark,https://trylark.ai,trylark.ai,San Francisco,,"Artificial Intelligence,B2B,Supply Chain",Industrials,F26,2,Lark - Specialized agents for wholesale distributors,ycombinator
Redoubt Insurance,https://www.redoubt.agency,www.redoubt.agency,"Salt Lake City, UT, USA",,"Artificial Intelligence,Insurance","Fintech,Insurance",F26,0,Commercial insurance for small businesses,ycombinator
The Agentic Data Co.,https://theagenticdatacompany.com,theagenticdatacompany.com,San Francisco,,"Artificial Intelligence,Conversational AI,ML",B2B,F26,2,Training Data For Speech Models.,ycombinator
Ageospatial,https://ageospatial.com,ageospatial.com,San Francisco,,"Artificial Intelligence,Computer Vision,Insurance","Fintech,Insurance",F26,1,Physical intelligence for every decision with Geospatial AI.,ycombinator
Cyclon,https://cyclon.ai,cyclon.ai,San Francisco,,"Artificial Intelligence,Hardware,Consumer","Consumer,Consumer Electronics",F26,2,a phone where AI is the interface,ycombinator
GrayPass,https://www.graypass.org,www.graypass.org,"Toronto, ON, Canada",,"Biometrics,Identity,Infrastructure","B2B,Infrastructure",F26,2,Verify that the expected person is in control before key actions.,ycombinator
Decent,https://decent.com,decent.com,San Francisco,,"AIOps,Fintech,Health Tech,B2B,Health Insurance","Fintech,Insurance",F26,2,Continuous optimization for employer health plans.,ycombinator
Frontrunner,https://usefr.com,usefr.com,San Francisco,,"Artificial Intelligence,Sales,Marketing","B2B,Sales",F26,2,Cursor for GTM,ycombinator
The Subvocal Company,https://subvocal.company,subvocal.company,San Francisco,,Hard Tech,"Consumer,Consumer Electronics",F26,3,Talk to your computer without talking,ycombinator
Spine,https://www.joinspine.ai,www.joinspine.ai,San Francisco,,"Human Resources,Insurance,SMB","B2B,Human Resources",F26,0,"We run benefits, payroll & compliance for startups, for free",ycombinator
Volaren Inc.,https://www.volaren.ai,www.volaren.ai,New York City,,"Artificial Intelligence,Fintech,Marketplace,Finance,Creator Economy","Fintech,Asset Management",F26,4,Volaren collapses the hedge fund model and making it accessible to…,ycombinator
Tilion,https://tilion.dev,tilion.dev,San Francisco,,"B2B,Infrastructure","B2B,Infrastructure",F26,4,"Super fast, unblockable browser infra for agents",ycombinator
Quippy,https://quippyapp.com,quippyapp.com,San Francisco,,"AI-Enhanced Learning,Social,Health & Wellness",Consumer,F26,1,Helps build social skills through daily practice,ycombinator
Memorable,https://www.memorable.sh,www.memorable.sh,San Francisco,,"Developer Tools,Infrastructure","B2B,Infrastructure",S27,2,reducing agent reasoning into a graph search problem,ycombinator
Sona8,https://sona8.com,sona8.com,San Francisco,,"HR Tech,AI,Conversational AI","B2B,Operations",F26,4,Voice agents that talk to employees enabling transformations ,ycombinator
Asim,https://www.asim-group.com,www.asim-group.com,,,"Deep Learning,Robotic Process Automation,Robotics","Industrials,Manufacturing and Robotics",F26,4,Enable robots to operate safely in the real world.,ycombinator
Perit.AI,https://www.perit.ai,www.perit.ai,San Francisco,,Data Labeling,B2B,F26,47,Expert-led data and RL platform for AI labs,ycombinator
Sinter,https://sinter.systems,sinter.systems,"El Segundo, CA, USA",,"3D Printing,Manufacturing,Advanced Materials","Industrials,Manufacturing and Robotics",F26,2,Accelerating scaled plastics with additive technologies,ycombinator
Papaya,https://papaya.fyi,papaya.fyi,San Francisco,,"AIOps,B2B,Enterprise Software,Infrastructure,AI",B2B,F26,3,Continuous optimization for AI agents,ycombinator
OpEra,https://operatechnologies.com,operatechnologies.com,New York City,,"Logistics,Manufacturing,Supply Chain,Operations,AI","B2B,Supply Chain and Logistics",F26,2,Automated operations research (OR) lab,ycombinator
Vyra,https://usevyra.com,usevyra.com,San Francisco,,"Video,Automation,SMB","Consumer,Content",F26,2,Autonomous video editing for non-editors.,ycombinator
antimattr,https://www.antimattr.one,www.antimattr.one,San Francisco,,"Artificial Intelligence,Hardware,Consumer","Consumer,Consumer Electronics",F26,2,voice-first hardware interface for human-agent interaction,ycombinator
Shire Intelligence,https://shireintelligence.com,shireintelligence.com,"Myrtle Beach, SC, USA",,"Deep Learning,Food Tech","Consumer,Food and Beverage",F26,4,Shire uses CCTV to run restaurants in real time.,ycombinator
Hesper AI,https://gethesperai.com,gethesperai.com,New York City,,"Insurance,Fraud Detection,AI","Fintech,Insurance",F26,2,AI Claims Investigator for Insurance,ycombinator
Covera,https://www.covera-agents.com,www.covera-agents.com,San Francisco,,AIOps,"Fintech,Insurance",F26,2,AI-native OS for insurance brokers,ycombinator
Ignition Benefits,https://www.ignitionbenefits.com,www.ignitionbenefits.com,Los Angeles,,"Health Insurance,Insurance,AI","Fintech,Insurance",F26,8,The AI-Native Benefits Brokerage,ycombinator
