name,email,email_kind,on_site,mx,emails,website,city,tags,pages_crawled,js_rendered,note,domain,country,industries,batch,team_size,oneliners,source,source_domain
Ageospatial,contact@ageospatial.com,role,y,ok,contact@ageospatial.com;maaz.sheikh@ageospatial.com;support@ageospatial.com,https://ageospatial.com,San Francisco,"Artificial Intelligence,Computer Vision,Insurance",6,,,ageospatial.com,,"Fintech,Insurance",F26,1,Physical intelligence for every decision with Geospatial AI.,ycombinator,https://ageospatial.com
antimattr,team@antimattr.one,role,y,ok,team@antimattr.one;future@antimattr.one;support@antimattr.one,https://www.antimattr.one,San Francisco,"Artificial Intelligence,Hardware,Consumer",6,,,www.antimattr.one,,"Consumer,Consumer Electronics",F26,2,voice-first hardware interface for human-agent interaction,ycombinator,https://www.antimattr.one
Asim,contact@asim-group.com,role,y,ok,contact@asim-group.com,https://www.asim-group.com,,"Deep Learning,Robotic Process Automation,Robotics",6,,,www.asim-group.com,,"Industrials,Manufacturing and Robotics",F26,4,Enable robots to operate safely in the real world.,ycombinator,https://www.asim-group.com
Cyclon,contact@cyclon.ai,role,y,ok,contact@cyclon.ai,https://cyclon.ai,San Francisco,"Artificial Intelligence,Hardware,Consumer",6,,,cyclon.ai,,"Consumer,Consumer Electronics",F26,2,a phone where AI is the interface,ycombinator,https://cyclon.ai
Hesper AI,hello@gethesperai.com,role,y,ok,hello@gethesperai.com;support@gethesperai.com;you@carrier.com;jane@carrier.com,https://gethesperai.com,New York City,"Insurance,Fraud Detection,AI",6,,,gethesperai.com,,"Fintech,Insurance",F26,2,AI Claims Investigator for Insurance,ycombinator,https://gethesperai.com
Maritime,contact@maritime.sh,role,y,ok,contact@maritime.sh,https://maritime.sh,San Francisco,"Developer Tools,Cloud Computing,Infrastructure",6,,,maritime.sh,,"B2B,Infrastructure",F26,3,The managed cloud for AI agents.,ycombinator,https://maritime.sh
Memorable,info@memorable.sh,role,y,ok,info@memorable.sh;hello@memorable.sh;jordan@acme.com,https://www.memorable.sh,San Francisco,"Developer Tools,Infrastructure",6,,,www.memorable.sh,,"B2B,Infrastructure",S27,2,reducing agent reasoning into a graph search problem,ycombinator,https://www.memorable.sh
Quippy,hello@quippyapp.com,role,y,ok,hello@quippyapp.com,https://quippyapp.com,San Francisco,"AI-Enhanced Learning,Social,Health & Wellness",6,,,quippyapp.com,,Consumer,F26,1,Helps build social skills through daily practice,ycombinator,https://quippyapp.com
Spine,hello@joinspine.ai,role,y,ok,hello@joinspine.ai,https://www.joinspine.ai,San Francisco,"Human Resources,Insurance,SMB",6,https://www.joinspine.ai/,,www.joinspine.ai,,"B2B,Human Resources",F26,0,"We run benefits, payroll & compliance for startups, for free",ycombinator,https://www.joinspine.ai
Tilion,team@tilion.dev,role,y,ok,team@tilion.dev,https://tilion.dev,San Francisco,"B2B,Infrastructure",6,,,tilion.dev,,"B2B,Infrastructure",F26,4,"Super fast, unblockable browser infra for agents",ycombinator,https://tilion.dev
Decent,nick@decent.com,named,y,ok,nick@decent.com;you@company.com,https://decent.com,San Francisco,"AIOps,Fintech,Health Tech,B2B,Health Insurance",6,,,decent.com,,"Fintech,Insurance",F26,2,Continuous optimization for employer health plans.,ycombinator,https://decent.com
GrayPass,founders@graypass.org,named,y,ok,founders@graypass.org;name@company.com,https://www.graypass.org,"Toronto, ON, Canada","Biometrics,Identity,Infrastructure",6,,,www.graypass.org,,"B2B,Infrastructure",F26,2,Verify that the expected person is in control before key actions.,ycombinator,https://www.graypass.org
Ignition Benefits,name@yourcompany.com,named,n,ok,name@yourcompany.com;name@company.com;a@company.com,https://www.ignitionbenefits.com,Los Angeles,"Health Insurance,Insurance,AI",6,,,www.ignitionbenefits.com,,"Fintech,Insurance",F26,8,The AI-Native Benefits Brokerage,ycombinator,https://www.ignitionbenefits.com
OpenHack,security@openhack.com,named,y,ok,security@openhack.com;ananay@openhack.com;jane@acme.com,https://openhack.com,San Francisco,"Artificial Intelligence,DevSecOps,Cybersecurity",6,,,openhack.com,,"B2B,Security",F26,1,Always-on AI security engineer,ycombinator,https://openhack.com
OpEra,founders@op-era-mit.com,named,n,ok,founders@op-era-mit.com,https://operatechnologies.com,New York City,"Logistics,Manufacturing,Supply Chain,Operations,AI",6,,,operatechnologies.com,,"B2B,Supply Chain and Logistics",F26,2,Automated operations research (OR) lab,ycombinator,https://operatechnologies.com
Perit.AI,support@perit.ai,named,y,ok,support@perit.ai,https://www.perit.ai,San Francisco,Data Labeling,6,,,www.perit.ai,,B2B,F26,47,Expert-led data and RL platform for AI labs,ycombinator,https://www.perit.ai
Redoubt Insurance,andre@redoubt.agency,named,y,ok,andre@redoubt.agency,https://www.redoubt.agency,"Salt Lake City, UT, USA","Artificial Intelligence,Insurance",6,,,www.redoubt.agency,,"Fintech,Insurance",F26,0,Commercial insurance for small businesses,ycombinator,https://www.redoubt.agency
Shire Intelligence,alex@shireintelligence.com,named,y,ok,alex@shireintelligence.com;name@restaurant.com,https://shireintelligence.com,"Myrtle Beach, SC, USA","Deep Learning,Food Tech",6,,,shireintelligence.com,,"Consumer,Food and Beverage",F26,4,Shire uses CCTV to run restaurants in real time.,ycombinator,https://shireintelligence.com
Sinter,founders@sinter.systems,named,y,ok,founders@sinter.systems,https://sinter.systems,"El Segundo, CA, USA","3D Printing,Manufacturing,Advanced Materials",6,,,sinter.systems,,"Industrials,Manufacturing and Robotics",F26,2,Accelerating scaled plastics with additive technologies,ycombinator,https://sinter.systems
Sintropix,alfonso@sintropix.com,named,y,ok,alfonso@sintropix.com,https://sintropix.com,"Santiago, Santiago Metropolitan Region, Chile","Artificial Intelligence,Fintech,B2B",6,,,sintropix.com,,"B2B,Finance and Accounting",F26,2,Autonomous accounting platform for global companies,ycombinator,https://sintropix.com
Volaren Inc.,you@email.com,named,n,ok,you@email.com,https://www.volaren.ai,New York City,"Artificial Intelligence,Fintech,Marketplace,Finance,Creator Economy",6,,,www.volaren.ai,,"Fintech,Asset Management",F26,4,Volaren collapses the hedge fund model and making it accessible to…,ycombinator,https://www.volaren.ai
Vyra,sulanzhangart@gmail.com,named,n,ok,sulanzhangart@gmail.com,https://usevyra.com,San Francisco,"Video,Automation,SMB",6,,,usevyra.com,,"Consumer,Content",F26,2,Autonomous video editing for non-editors.,ycombinator,https://usevyra.com
Covera,,,n,,,https://www.covera-agents.com,San Francisco,AIOps,6,,no_public_email (проверь /careers или LinkedIn),www.covera-agents.com,,"Fintech,Insurance",F26,2,AI-native OS for insurance brokers,ycombinator,https://www.covera-agents.com
DeepMark,,,n,,,https://www.deepmark.me,San Francisco,"Deep Learning,B2B,Cybersecurity",1,,no_public_email (проверь /careers или LinkedIn),www.deepmark.me,,"B2B,Security",F26,5,A live watermark inside AI voice that survives phone calls,ycombinator,https://www.deepmark.me
Frontrunner,,,n,,,https://usefr.com,San Francisco,"Artificial Intelligence,Sales,Marketing",1,,no_public_email (проверь /careers или LinkedIn),usefr.com,,"B2B,Sales",F26,2,Cursor for GTM,ycombinator,https://usefr.com
Lark,,,n,,,https://trylark.ai,San Francisco,"Artificial Intelligence,B2B,Supply Chain",6,,no_public_email (проверь /careers или LinkedIn),trylark.ai,,Industrials,F26,2,Lark - Specialized agents for wholesale distributors,ycombinator,https://trylark.ai
Papaya,,,n,,,https://papaya.fyi,San Francisco,"AIOps,B2B,Enterprise Software,Infrastructure,AI",6,,no_public_email (проверь /careers или LinkedIn),papaya.fyi,,B2B,F26,3,Continuous optimization for AI agents,ycombinator,https://papaya.fyi
Sona8,,,n,,,https://sona8.com,San Francisco,"HR Tech,AI,Conversational AI",6,,no_public_email (проверь /careers или LinkedIn),sona8.com,,"B2B,Operations",F26,4,Voice agents that talk to employees enabling transformations ,ycombinator,https://sona8.com
The Agentic Data Co.,,,n,,,https://theagenticdatacompany.com,San Francisco,"Artificial Intelligence,Conversational AI,ML",0,,no_public_email (проверь /careers или LinkedIn),theagenticdatacompany.com,,B2B,F26,2,Training Data For Speech Models.,ycombinator,https://theagenticdatacompany.com
The Subvocal Company,,,n,,,https://subvocal.company,San Francisco,Hard Tech,6,,no_public_email (проверь /careers или LinkedIn),subvocal.company,,"Consumer,Consumer Electronics",F26,3,Talk to your computer without talking,ycombinator,https://subvocal.company
